x1,y1,z1,rx1,ry1,rz1,x2,y2,z2,rx2,ry2,rz2
0.75,-0.9,-7.0,0.0,0.0,0.0,0.75,-0.9,-5.82,0.0,0.0,0.0
-4.63592,-0.93456,-2.90273,0.0,-140.0,0.0,-3.47002,-0.94556,-4.14362,-15.0,-77.0,0.0
