x1,y1,z1,rx1,ry1,rz1,x2,y2,z2,rx2,ry2,rz2
0.75,-0.9,-7.0,0.0,0.0,0.0,0.75,-0.9,-5.82,0.0,0.0,0.0
-4.635921,-0.934556,-2.902729,0.0,-140.0,0.0,-3.470024,-0.945556,-4.143616,-15.0,-77.0,0.0
